{"cameraMatrix": [[196.00378048362913, 0.0, 158.09985439215194], [0.0, 196.41940209255708, 123.28529641686711], [0.0, 0.0, 1.0]], "distCoeffs": [[-0.11909172334947736, -0.21275527201365405, -0.007049376606519501, -0.006678295495295815, 0.15384307954113818]], "err": 0.08903423989217618}